Experience,test_score,Interview_score,Salary($)
7,7,10,72400.29112081515
6,8,7,64817.32168850072
5,9,5,59439.59243085881
4,6,7,55499.99999999999
3,10,8,62275.10917030568
2,8,6,51360.26200873362
10,5,4,63916.30276564774
15,7,7,88288.2096069869
12,4,9,78722.70742358078
8,6,6,64546.57933042212
7,9,8,71681.22270742359
